ID,Nome,Idade,Gênero,Localização,Estado Civil,Número de Dependentes,Data de Início do Contrato,Data de Término do Contrato,Valor Mensal do Contrato,Tipo de Serviço,Duração Média das Chamadas,Volume de Dados,Número de Reclamações,Comentários,Churn,Data de Referência,Dias de Contrato,Meses de Contrato,Meses de Contrato Ajustado,Reclamações por mês,Faixa Idade,Tem Pacote,Ano_Inicio,Ano_Termino,Comentarios_Limpos,tokens_util,Categoria_Comentario,Número de Reclamações Ajustado,Estado
1,João Silva,35,Masculino,São Paulo/SP/São Paulo,Casado,2,2018-05-10,,79.99,Telefonia Móvel,4.5,2.3 GB,2.0,O serviço de internet tem sido instável. Estou tendo dificuldades para realizar videochamadas e assistir a filmes online. A velocidade da conexão é muito lenta e cai com frequência.,0,2025-05-18 14:11:39.225509,2565,86,86,0.02,26 a 35 anos,0,2018,,o serviço de internet tem sido instável. estou tendo dificuldades para realizar videochamadas e assistir a filmes online. a velocidade da conexão é muito lenta e cai com frequência.,"['serviço', 'internet', 'sido', 'instável', 'tendo', 'dificuldades', 'realizar', 'videochamadas', 'assistir', 'filmes', 'online', 'velocidade', 'conexão', 'lenta', 'frequência']",reclamação (problemas),2,SP
2,Maria Santos,28,Feminino,Rio de Janeiro/RJ/Rio de Janeiro,Solteiro,0,2019-03-15,,109.99,Internet,,-,0.0,Estou satisfeita com o serviço. A velocidade da internet é ótima e o suporte técnico sempre foi prestativo. Nunca tive problemas de conexão desde que assinei o serviço.,0,2025-05-18 14:11:39.225509,2256,75,75,0.0,26 a 35 anos,0,2019,,estou satisfeita com o serviço. a velocidade da internet é ótima e o suporte técnico sempre foi prestativo. nunca tive problemas de conexão desde que assinei o serviço.,"['satisfeita', 'serviço', 'velocidade', 'internet', 'ótima', 'suporte', 'técnico', 'sempre', 'prestativo', 'nunca', 'problemas', 'conexão', 'desde', 'assinei', 'serviço']",elogio (satisfeita),0,RJ
3,Carlos Oliveira,42,Masculino,Belo Horizonte/MG/Minas Gerais,Casado,1,2020-01-20,2021-06-30,139.99,Internet,,-,1.0,"Tive problemas com a fatura deste mês. O valor cobrado está incorreto e não consigo entrar em contato com o atendimento ao cliente. Já enviei diversos emails e tentei ligar várias vezes, mas não obtive resposta.",1,2021-06-30 00:00:00.000000,527,18,18,0.06,36 a 45 anos,0,2020,2021.0,"tive problemas com a fatura deste mês. o valor cobrado está incorreto e não consigo entrar em contato com o atendimento ao cliente. já enviei diversos emails e tentei ligar várias vezes, mas não obtive resposta.","['problemas', 'fatura', 'deste', 'valor', 'cobrado', 'incorreto', 'consigo', 'entrar', 'contato', 'atendimento', 'cliente', 'enviei', 'diversos', 'emails', 'tentei', 'ligar', 'várias', 'vezes', 'obtive', 'resposta']",reclamação (problemas),1,MG
4,Ana Pereira,55,Feminino,Porto Alegre/RS/Rio Grande do Sul,Viúvo,0,2017-09-01,,159.99,Telefonia Fixa,6.2,,0.0,Sem reclamações até o momento. O serviço tem atendido às minhas expectativas e não tenho tido problemas com a conexão. As ligações são claras e o atendimento ao cliente é bom.,0,2025-05-18 14:11:39.225509,2816,94,94,0.0,Acima de 45 anos,0,2017,,sem reclamações até o momento. o serviço tem atendido às minhas expectativas e não tenho tido problemas com a conexão. as ligações são claras e o atendimento ao cliente é bom.,"['reclamações', 'momento', 'serviço', 'atendido', 'expectativas', 'tido', 'problemas', 'conexão', 'ligações', 'claras', 'atendimento', 'cliente']",elogio (satisfeita),0,RS
5,Paulo Rodrigues,41,Masculino,Brasília/DF,Divorciado,3,2019-11-12,2022-01-05,99.99,TV a Cabo,,-,0.0,"O canal de esportes não está funcionando corretamente. A imagem fica pixelada e o áudio está com falhas. Já entrei em contato com o suporte técnico algumas vezes, mas o problema persiste.",1,2022-01-05 00:00:00.000000,785,26,26,0.0,36 a 45 anos,0,2019,2022.0,"o canal de esportes não está funcionando corretamente. a imagem fica pixelada e o áudio está com falhas. já entrei em contato com o suporte técnico algumas vezes, mas o problema persiste.","['canal', 'esportes', 'funcionando', 'corretamente', 'imagem', 'fica', 'pixelada', 'áudio', 'falhas', 'entrei', 'contato', 'suporte', 'técnico', 'algumas', 'vezes', 'problema', 'persiste']",reclamação (problemas),1,DF
1001,Renata Costa,32,Feminino,São Paulo/SP/São Paulo,Casado,1,2020-07-10,,89.99,Telefonia Móvel,3.2,1.8 GB,0.0,O sinal de internet no meu bairro é muito fraco. Não consigo usar os aplicativos de streaming sem enfrentar interrupções constantes.,0,2025-05-18 14:11:39.225509,1773,59,59,0.0,26 a 35 anos,0,2020,,o sinal de internet no meu bairro é muito fraco. não consigo usar os aplicativos de streaming sem enfrentar interrupções constantes.,"['sinal', 'internet', 'bairro', 'fraco', 'consigo', 'usar', 'aplicativos', 'streaming', 'enfrentar', 'interrupções', 'constantes']",reclamação (problemas),1,SP
1002,André Oliveira,45,Masculino,Rio de Janeiro/RJ/Rio de Janeiro,Solteiro,0,2019-11-15,,119.99,Internet,,-,0.0,Estou bastante satisfeito com o serviço de internet. A velocidade é alta e nunca tive problemas de conexão.,0,2025-05-18 14:11:39.225509,2011,67,67,0.0,36 a 45 anos,0,2019,,estou bastante satisfeito com o serviço de internet. a velocidade é alta e nunca tive problemas de conexão.,"['bastante', 'satisfeito', 'serviço', 'internet', 'velocidade', 'alta', 'nunca', 'problemas', 'conexão']",elogio (satisfeita),0,RJ
1003,Luiza Rodrigues,39,Feminino,Belo Horizonte/MG/Minas Gerais,Casado,2,2018-02-20,2022-09-30,149.99,TV a Cabo,,-,0.0,Os canais HD têm apresentado problemas de qualidade. A imagem está pixelada e o som não está sincronizado com a imagem.,1,2022-09-30 00:00:00.000000,1683,56,56,0.0,36 a 45 anos,0,2018,2022.0,os canais hd têm apresentado problemas de qualidade. a imagem está pixelada e o som não está sincronizado com a imagem.,"['canais', 'apresentado', 'problemas', 'qualidade', 'imagem', 'pixelada', 'sincronizado', 'imagem']",reclamação (problemas),1,MG
1004,Marcos Santos,28,Masculino,São Paulo/SP/São Paulo,Solteiro,0,2022-01-01,,109.99,Internet,,-,0.0,O serviço de internet é ótimo. A velocidade atende às minhas necessidades e nunca tive quedas de conexão.,0,2025-05-18 14:11:39.225509,1233,41,41,0.0,26 a 35 anos,0,2022,,o serviço de internet é ótimo. a velocidade atende às minhas necessidades e nunca tive quedas de conexão.,"['serviço', 'internet', 'ótimo', 'velocidade', 'atende', 'necessidades', 'nunca', 'quedas', 'conexão']",neutro,0,SP
1005,Amanda Lima,37,Feminino,Porto Alegre/RS/Rio Grande do Sul,Casado,2,2017-12-01,,179.99,Telefonia Fixa,7.5,,0.0,Estou satisfeita com o serviço de telefonia fixa. As ligações são claras e não tive problemas com a cobertura.,0,2025-05-18 14:11:39.225509,2725,91,91,0.0,36 a 45 anos,0,2017,,estou satisfeita com o serviço de telefonia fixa. as ligações são claras e não tive problemas com a cobertura.,"['satisfeita', 'serviço', 'telefonia', 'fixa', 'ligações', 'claras', 'problemas', 'cobertura']",elogio (satisfeita),0,RS
1006,Lucas Fernandes,31,Masculino,Brasília/DF,Casado,1,2021-03-12,,99.99,Telefonia Móvel,5.1,3.5 GB,1.0,Recebi uma fatura com cobranças indevidas. Entrei em contato com o suporte e eles disseram que vão resolver o problema.,0,2025-05-18 14:11:39.225509,1528,51,51,0.02,26 a 35 anos,0,2021,,recebi uma fatura com cobranças indevidas. entrei em contato com o suporte e eles disseram que vão resolver o problema.,"['recebi', 'fatura', 'cobranças', 'indevidas', 'entrei', 'contato', 'suporte', 'disseram', 'resolver', 'problema']",reclamação (problemas),1,DF
1007,Carolina Castro,42,Feminino,São Paulo/SP/São Paulo,Casado,3,2019-06-10,,69.99,Internet,,-,1.0,"A conexão de internet está instável. Já reiniciei o modem várias vezes, mas ainda enfrento quedas frequentes na conexão.",0,2025-05-18 14:11:39.225509,2169,72,72,0.01,36 a 45 anos,0,2019,,"a conexão de internet está instável. já reiniciei o modem várias vezes, mas ainda enfrento quedas frequentes na conexão.","['conexão', 'internet', 'instável', 'reiniciei', 'modem', 'várias', 'vezes', 'ainda', 'enfrento', 'quedas', 'frequentes', 'conexão']",reclamação (problemas),1,SP
1008,Rafael Mendes,29,Masculino,Rio de Janeiro/RJ/Rio de Janeiro,Solteiro,0,2018-09-15,,129.99,TV a Cabo,,-,2.0,O sinal da TV a cabo tem oscilado bastante. Alguns canais não estão funcionando e a qualidade de imagem é ruim.,0,2025-05-18 14:11:39.225509,2437,81,81,0.02,26 a 35 anos,0,2018,,o sinal da tv a cabo tem oscilado bastante. alguns canais não estão funcionando e a qualidade de imagem é ruim.,"['sinal', 'cabo', 'oscilado', 'bastante', 'alguns', 'canais', 'funcionando', 'qualidade', 'imagem', 'ruim']",reclamação (problemas),2,RJ
1009,Fernanda Santos,35,Feminino,Belo Horizonte/MG/Minas Gerais,Casado,1,2020-05-20,,149.99,Internet,,-,1.0,A velocidade da internet está abaixo do esperado. Não consigo assistir a vídeos em HD sem interrupções constantes.,0,2025-05-18 14:11:39.225509,1824,61,61,0.02,26 a 35 anos,0,2020,,a velocidade da internet está abaixo do esperado. não consigo assistir a vídeos em hd sem interrupções constantes.,"['velocidade', 'internet', 'abaixo', 'esperado', 'consigo', 'assistir', 'vídeos', 'interrupções', 'constantes']",reclamação (problemas),1,MG
1010,Gustavo Pereira,48,Masculino,Porto Alegre/RS/Rio Grande do Sul,Divorciado,0,2019-02-01,,159.99,Telefonia Fixa,4.8,,0.0,O serviço de telefonia fixa tem sido satisfatório. As ligações são claras e a cobertura é boa em minha região.,0,2025-05-18 14:11:39.225509,2298,77,77,0.0,Acima de 45 anos,0,2019,,o serviço de telefonia fixa tem sido satisfatório. as ligações são claras e a cobertura é boa em minha região.,"['serviço', 'telefonia', 'fixa', 'sido', 'satisfatório', 'ligações', 'claras', 'cobertura', 'região']",elogio (satisfeita),0,RS
1011,Isabela Fernandes,27,Feminino,São Paulo/SP/São Paulo,Solteiro,0,2021-08-10,,79.99,Telefonia Móvel,3.9,2.1 GB,0.0,Estou satisfeita com o serviço de telefonia móvel. A cobertura é boa e a internet é rápida.,0,2025-05-18 14:11:39.225509,1377,46,46,0.0,26 a 35 anos,0,2021,,estou satisfeita com o serviço de telefonia móvel. a cobertura é boa e a internet é rápida.,"['satisfeita', 'serviço', 'telefonia', 'móvel', 'cobertura', 'internet', 'rápida']",elogio (satisfeita),0,SP
1012,Rodrigo Almeida,33,Masculino,Rio de Janeiro/RJ/Rio de Janeiro,Casado,2,2018-11-15,,119.99,Internet,,-,0.0,A internet tem sido estável e rápida. Consigo realizar todas as atividades online sem problemas.,0,2025-05-18 14:11:39.225509,2376,79,79,0.0,26 a 35 anos,0,2018,,a internet tem sido estável e rápida. consigo realizar todas as atividades online sem problemas.,"['internet', 'sido', 'estável', 'rápida', 'consigo', 'realizar', 'todas', 'atividades', 'online', 'problemas']",elogio (satisfeita),0,RJ
1013,Patrícia Costa,40,Feminino,Belo Horizonte/MG/Minas Gerais,Divorciado,1,2019-03-20,2023-09-30,139.99,TV a Cabo,,-,0.0,A qualidade de imagem da TV a cabo é excelente. Todos os canais funcionam perfeitamente.,1,2023-09-30 00:00:00.000000,1655,55,55,0.0,36 a 45 anos,0,2019,2023.0,a qualidade de imagem da tv a cabo é excelente. todos os canais funcionam perfeitamente.,"['qualidade', 'imagem', 'cabo', 'excelente', 'todos', 'canais', 'funcionam', 'perfeitamente']",elogio (satisfeita),0,MG
1014,Leandro Silva,29,Masculino,São Paulo/SP/São Paulo,Solteiro,0,2022-02-01,,99.99,Internet,,-,1.0,A conexão de internet está lenta. Não consigo acessar sites rapidamente e o streaming de vídeos fica travando.,0,2025-05-18 14:11:39.225509,1202,40,40,0.02,26 a 35 anos,0,2022,,a conexão de internet está lenta. não consigo acessar sites rapidamente e o streaming de vídeos fica travando.,"['conexão', 'internet', 'lenta', 'consigo', 'acessar', 'sites', 'rapidamente', 'streaming', 'vídeos', 'fica', 'travando']",reclamação (problemas),1,SP
1015,Beatriz Oliveira,37,Feminino,Porto Alegre/RS/Rio Grande do Sul,Casado,2,2018-01-10,,179.99,Telefonia Fixa,5.2,,0.0,Estou muito satisfeita com o serviço de telefonia fixa. As ligações são claras e nunca tive problemas de cobertura.,0,2025-05-18 14:11:39.225509,2685,90,90,0.0,36 a 45 anos,0,2018,,estou muito satisfeita com o serviço de telefonia fixa. as ligações são claras e nunca tive problemas de cobertura.,"['satisfeita', 'serviço', 'telefonia', 'fixa', 'ligações', 'claras', 'nunca', 'problemas', 'cobertura']",elogio (satisfeita),0,RS
1016,Lucas Rodrigues,30,Masculino,Brasília/DF,Solteiro,0,2021-04-12,,99.99,Telefonia Móvel,4.8,2.7 GB,0.0,O serviço de telefonia móvel atende às minhas expectativas. A qualidade das chamadas é boa e a internet é rápida.,0,2025-05-18 14:11:39.225509,1497,50,50,0.0,26 a 35 anos,0,2021,,o serviço de telefonia móvel atende às minhas expectativas. a qualidade das chamadas é boa e a internet é rápida.,"['serviço', 'telefonia', 'móvel', 'atende', 'expectativas', 'qualidade', 'chamadas', 'internet', 'rápida']",elogio (satisfeita),0,DF
1017,Roberta Ferreira,33,Feminino,Belo Horizonte/MG/Minas Gerais,Solteiro,0,2021-06-15,,119.99,Telefonia Móvel,4.6,2.3 GB,0.0,Estou bastante satisfeita com o serviço de telefonia móvel. As chamadas são claras e a internet é rápida. Nunca tive problemas de cobertura até agora.,0,2025-05-18 14:11:39.225509,1433,48,48,0.0,26 a 35 anos,0,2021,,estou bastante satisfeita com o serviço de telefonia móvel. as chamadas são claras e a internet é rápida. nunca tive problemas de cobertura até agora.,"['bastante', 'satisfeita', 'serviço', 'telefonia', 'móvel', 'chamadas', 'claras', 'internet', 'rápida', 'nunca', 'problemas', 'cobertura', 'agora']",elogio (satisfeita),0,MG
1018,Gabriel Oliveira,40,Masculino,Porto Alegre/RS/Rio Grande do Sul,Casado,1,2019-03-10,,129.99,Internet,,-,0.0,"A conexão de internet tem sido estável e rápida. Consigo realizar todas as minhas atividades online sem interrupções. Além disso, o suporte técnico tem sido muito prestativo quando precisei de ajuda.",0,2025-05-18 14:11:39.225509,2261,75,75,0.0,36 a 45 anos,0,2019,,"a conexão de internet tem sido estável e rápida. consigo realizar todas as minhas atividades online sem interrupções. além disso, o suporte técnico tem sido muito prestativo quando precisei de ajuda.","['conexão', 'internet', 'sido', 'estável', 'rápida', 'consigo', 'realizar', 'todas', 'atividades', 'online', 'interrupções', 'além', 'disso', 'suporte', 'técnico', 'sido', 'prestativo', 'precisei', 'ajuda']",elogio (satisfeita),0,RS
1019,Aline Silva,29,Feminino,São Paulo/SP/São Paulo,Solteiro,0,2022-02-01,,99.99,Telefonia Fixa,5.3,,0.0,"Estou satisfeita com o serviço de telefonia fixa. As ligações são de boa qualidade e nunca tive problemas de cobertura. Além disso, o valor mensal do serviço é acessível.",0,2025-05-18 14:11:39.225509,1202,40,40,0.0,26 a 35 anos,0,2022,,"estou satisfeita com o serviço de telefonia fixa. as ligações são de boa qualidade e nunca tive problemas de cobertura. além disso, o valor mensal do serviço é acessível.","['satisfeita', 'serviço', 'telefonia', 'fixa', 'ligações', 'qualidade', 'nunca', 'problemas', 'cobertura', 'além', 'disso', 'valor', 'mensal', 'serviço', 'acessível']",elogio (satisfeita),0,SP
1020,Felipe Santos,35,Masculino,Rio de Janeiro/RJ/Rio de Janeiro,Casado,2,2018-09-20,,139.99,TV a Cabo,,-,0.0,A qualidade dos canais de TV a cabo é excelente. As imagens são nítidas e o som é de alta qualidade. Estou muito satisfeito com o serviço.,0,2025-05-18 14:11:39.225509,2432,81,81,0.0,26 a 35 anos,0,2018,,a qualidade dos canais de tv a cabo é excelente. as imagens são nítidas e o som é de alta qualidade. estou muito satisfeito com o serviço.,"['qualidade', 'canais', 'cabo', 'excelente', 'imagens', 'nítidas', 'alta', 'qualidade', 'satisfeito', 'serviço']",elogio (satisfeita),0,RJ
1021,Juliana Lima,28,Feminino,São Paulo/SP/São Paulo,Casado,1,2020-11-01,,99.99,Internet,,-,1.0,A velocidade da internet está abaixo do esperado. Não consigo fazer download de arquivos grandes e o streaming de vídeos fica travando frequentemente.,0,2025-05-18 14:11:39.225509,1659,55,55,0.02,26 a 35 anos,0,2020,,a velocidade da internet está abaixo do esperado. não consigo fazer download de arquivos grandes e o streaming de vídeos fica travando frequentemente.,"['velocidade', 'internet', 'abaixo', 'esperado', 'consigo', 'fazer', 'download', 'arquivos', 'grandes', 'streaming', 'vídeos', 'fica', 'travando', 'frequentemente']",reclamação (problemas),1,SP
1022,Ricardo Fernandes,45,Masculino,Belo Horizonte/MG/Minas Gerais,Casado,3,2017-08-01,,189.99,Telefonia Fixa,6.9,,0.0,"O serviço de telefonia fixa atende às minhas necessidades. As ligações são claras e nunca tive problemas de cobertura. Além disso, o suporte ao cliente é eficiente.",0,2025-05-18 14:11:39.225509,2847,95,95,0.0,36 a 45 anos,0,2017,,"o serviço de telefonia fixa atende às minhas necessidades. as ligações são claras e nunca tive problemas de cobertura. além disso, o suporte ao cliente é eficiente.","['serviço', 'telefonia', 'fixa', 'atende', 'necessidades', 'ligações', 'claras', 'nunca', 'problemas', 'cobertura', 'além', 'disso', 'suporte', 'cliente', 'eficiente']",elogio (satisfeita),0,MG
1023,Carolina Oliveira,32,Feminino,Porto Alegre/RS/Rio Grande do Sul,Solteiro,0,2021-04-12,,109.99,Telefonia Móvel,4.2,2.1 GB,0.0,Estou satisfeita com o serviço de telefonia móvel. A qualidade das chamadas é boa e a internet é rápida. Nunca tive problemas de conex.,0,2025-05-18 14:11:39.225509,1497,50,50,0.0,26 a 35 anos,0,2021,,estou satisfeita com o serviço de telefonia móvel. a qualidade das chamadas é boa e a internet é rápida. nunca tive problemas de conex.,"['satisfeita', 'serviço', 'telefonia', 'móvel', 'qualidade', 'chamadas', 'internet', 'rápida', 'nunca', 'problemas', 'conex']",elogio (satisfeita),0,RS
1024,Marcelo Santos,39,Masculino,São Paulo/SP/São Paulo,Casado,2,2019-10-15,,179.99,TV a Cabo,,-,1.0,"Os canais de TV apresentam frequentes quedas de sinal. A imagem fica pixelada e o som é interrompido. Já registrei reclamações, mas o problema ainda não foi resolvido.",0,2025-05-18 14:11:39.225509,2042,68,68,0.01,36 a 45 anos,0,2019,,"os canais de tv apresentam frequentes quedas de sinal. a imagem fica pixelada e o som é interrompido. já registrei reclamações, mas o problema ainda não foi resolvido.","['canais', 'apresentam', 'frequentes', 'quedas', 'sinal', 'imagem', 'fica', 'pixelada', 'interrompido', 'registrei', 'reclamações', 'problema', 'ainda', 'resolvido']",reclamação (problemas),1,SP
1025,Ana Rodrigues,31,Feminino,Rio de Janeiro/RJ/Rio de Janeiro,Casado,1,2020-07-10,,99.99,Internet,,-,0.0,"A velocidade da internet é boa, mas enfrento problemas constantes de instabilidade na conexão. Preciso reiniciar o modem com frequência para restaurar a conexão.",0,2025-05-18 14:11:39.225509,1773,59,59,0.0,26 a 35 anos,0,2020,,"a velocidade da internet é boa, mas enfrento problemas constantes de instabilidade na conexão. preciso reiniciar o modem com frequência para restaurar a conexão.","['velocidade', 'internet', 'enfrento', 'problemas', 'constantes', 'instabilidade', 'conexão', 'preciso', 'reiniciar', 'modem', 'frequência', 'restaurar', 'conexão']",reclamação (problemas),1,RJ
1026,Leonardo Silva,42,Masculino,São Paulo/SP/São Paulo,Casado,2,2018-12-01,,149.99,Telefonia Móvel,5.8,3.2 GB,0.0,O serviço de telefonia móvel é satisfatório. As chamadas são claras e a internet atende às minhas necessidades. O preço também é competitivo.,0,2025-05-18 14:11:39.225509,2360,79,79,0.0,36 a 45 anos,0,2018,,o serviço de telefonia móvel é satisfatório. as chamadas são claras e a internet atende às minhas necessidades. o preço também é competitivo.,"['serviço', 'telefonia', 'móvel', 'satisfatório', 'chamadas', 'claras', 'internet', 'atende', 'necessidades', 'preço', 'competitivo']",elogio (satisfeita),0,SP
1027,Fernanda Costa,29,Feminino,Porto Alegre/RS/Rio Grande do Sul,Solteiro,0,2021-02-20,,109.99,Telefonia Fixa,6.5,,0.0,"Estou satisfeita com o serviço de telefonia fixa. As ligações são de boa qualidade e nunca tive problemas de cobertura. Além disso, o atendimento ao cliente é eficiente.",0,2025-05-18 14:11:39.225509,1548,52,52,0.0,26 a 35 anos,0,2021,,"estou satisfeita com o serviço de telefonia fixa. as ligações são de boa qualidade e nunca tive problemas de cobertura. além disso, o atendimento ao cliente é eficiente.","['satisfeita', 'serviço', 'telefonia', 'fixa', 'ligações', 'qualidade', 'nunca', 'problemas', 'cobertura', 'além', 'disso', 'atendimento', 'cliente', 'eficiente']",elogio (satisfeita),0,RS
1028,Gustavo Oliveira,36,Masculino,Belo Horizonte/MG/Minas Gerais,Solteiro,0,2020-01-01,,119.99,Internet,,-,0.0,"A velocidade da internet é ótima, e nunca tive problemas de conexão. O suporte técnico também é muito bom, sempre solucionando minhas dúvidas e questões rapidamente.",0,2025-05-18 14:11:39.225509,1964,65,65,0.0,36 a 45 anos,0,2020,,"a velocidade da internet é ótima, e nunca tive problemas de conexão. o suporte técnico também é muito bom, sempre solucionando minhas dúvidas e questões rapidamente.","['velocidade', 'internet', 'ótima', 'nunca', 'problemas', 'conexão', 'suporte', 'técnico', 'sempre', 'solucionando', 'dúvidas', 'questões', 'rapidamente']",elogio (satisfeita),0,MG
1029,Isabela Santos,33,Feminino,São Paulo/SP/São Paulo,Casado,1,2017-11-01,,159.99,TV a Cabo,,-,1.0,"A qualidade dos canais de TV é excelente, mas o preço do serviço é um pouco alto. Além disso, já tive alguns problemas técnicos, mas a empresa conseguiu resolver de forma satisfatória.",0,2025-05-18 14:11:39.225509,2755,92,92,0.01,26 a 35 anos,0,2017,,"a qualidade dos canais de tv é excelente, mas o preço do serviço é um pouco alto. além disso, já tive alguns problemas técnicos, mas a empresa conseguiu resolver de forma satisfatória.","['qualidade', 'canais', 'excelente', 'preço', 'serviço', 'pouco', 'alto', 'além', 'disso', 'alguns', 'problemas', 'técnicos', 'empresa', 'conseguiu', 'resolver', 'forma', 'satisfatória']",elogio (satisfeita),0,SP
1030,Lucas Rodrigues,27,Masculino,Rio de Janeiro/RJ/Rio Grande do Sul,Solteiro,0,2022-03-12,,129.99,Telefonia Fixa,7.2,,0.0,"Estou bastante satisfeito com o serviço de telefonia fixa. As ligações são claras e nunca tive problemas de cobertura. Além disso, o valor mensal é justo em relação à qualidade oferecida.",0,2025-05-18 14:11:39.225509,1163,39,39,0.0,26 a 35 anos,0,2022,,"estou bastante satisfeito com o serviço de telefonia fixa. as ligações são claras e nunca tive problemas de cobertura. além disso, o valor mensal é justo em relação à qualidade oferecida.","['bastante', 'satisfeito', 'serviço', 'telefonia', 'fixa', 'ligações', 'claras', 'nunca', 'problemas', 'cobertura', 'além', 'disso', 'valor', 'mensal', 'justo', 'relação', 'qualidade', 'oferecida']",elogio (satisfeita),0,RJ
1031,Vanessa Ferreira,34,Feminino,Belo Horizonte/MG/Minas Gerais,Solteiro,0,2021-06-15,,119.99,Telefonia Móvel,4.6,2.3 GB,0.0,Estou muito satisfeita com o serviço de telefonia móvel. As chamadas são claras e a internet é rápida. Nunca tive problemas de cobertura até agora. O preço também é justo em comparação com outras operadoras. Recomendo!,0,2025-05-18 14:11:39.225509,1433,48,48,0.0,26 a 35 anos,0,2021,,estou muito satisfeita com o serviço de telefonia móvel. as chamadas são claras e a internet é rápida. nunca tive problemas de cobertura até agora. o preço também é justo em comparação com outras operadoras. recomendo!,"['satisfeita', 'serviço', 'telefonia', 'móvel', 'chamadas', 'claras', 'internet', 'rápida', 'nunca', 'problemas', 'cobertura', 'agora', 'preço', 'justo', 'comparação', 'outras', 'operadoras', 'recomendo']",elogio (satisfeita),0,MG
1032,Fernando Oliveira,41,Masculino,Porto Alegre/RS/Rio Grande do Sul,Casado,1,2019-03-10,,129.99,Internet,,-,0.0,"A conexão de internet tem sido estável e rápida. Consigo realizar todas as minhas atividades online sem interrupções. Além disso, o suporte técnico tem sido muito prestativo quando precisei de ajuda. Estou muito satisfeito com o serviço!",0,2025-05-18 14:11:39.225509,2261,75,75,0.0,36 a 45 anos,0,2019,,"a conexão de internet tem sido estável e rápida. consigo realizar todas as minhas atividades online sem interrupções. além disso, o suporte técnico tem sido muito prestativo quando precisei de ajuda. estou muito satisfeito com o serviço!","['conexão', 'internet', 'sido', 'estável', 'rápida', 'consigo', 'realizar', 'todas', 'atividades', 'online', 'interrupções', 'além', 'disso', 'suporte', 'técnico', 'sido', 'prestativo', 'precisei', 'ajuda', 'satisfeito', 'serviço']",elogio (satisfeita),0,RS
1033,Patrícia Silva,30,Feminino,São Paulo/SP/São Paulo,Solteiro,0,2022-02-01,,99.99,Telefonia Fixa,5.3,,0.0,"Estou satisfeita com o serviço de telefonia fixa. As ligações são de boa qualidade e nunca tive problemas de cobertura. Além disso, o valor mensal do serviço é acessível. O atendimento ao cliente também tem sido bom. Recomendo!",0,2025-05-18 14:11:39.225509,1202,40,40,0.0,26 a 35 anos,0,2022,,"estou satisfeita com o serviço de telefonia fixa. as ligações são de boa qualidade e nunca tive problemas de cobertura. além disso, o valor mensal do serviço é acessível. o atendimento ao cliente também tem sido bom. recomendo!","['satisfeita', 'serviço', 'telefonia', 'fixa', 'ligações', 'qualidade', 'nunca', 'problemas', 'cobertura', 'além', 'disso', 'valor', 'mensal', 'serviço', 'acessível', 'atendimento', 'cliente', 'sido', 'recomendo']",elogio (satisfeita),0,SP
1034,André Santos,36,Masculino,Rio de Janeiro/RJ/Rio de Janeiro,Casado,2,2018-09-20,,139.99,TV a Cabo,,-,0.0,"A qualidade dos canais de TV a cabo é excelente. As imagens são nítidas e o som é de alta qualidade. Estou muito satisfeito com o serviço. O valor mensal é um pouco alto, mas considero que vale a pena pelo conteúdo oferecido.",0,2025-05-18 14:11:39.225509,2432,81,81,0.0,36 a 45 anos,0,2018,,"a qualidade dos canais de tv a cabo é excelente. as imagens são nítidas e o som é de alta qualidade. estou muito satisfeito com o serviço. o valor mensal é um pouco alto, mas considero que vale a pena pelo conteúdo oferecido.","['qualidade', 'canais', 'cabo', 'excelente', 'imagens', 'nítidas', 'alta', 'qualidade', 'satisfeito', 'serviço', 'valor', 'mensal', 'pouco', 'alto', 'considero', 'vale', 'pena', 'conteúdo', 'oferecido']",elogio (satisfeita),0,RJ
1035,Larissa Lima,29,Feminino,São Paulo/SP/São Paulo,Casado,1,2020-11-01,,99.99,Internet,,-,1.0,"A velocidade da internet está abaixo do esperado. Não consigo fazer download de arquivos grandes e o streaming de vídeos fica travando frequentemente. Já entrei em contato com o suporte técnico, mas o problema persiste. Espero que seja resolvido em breve.",0,2025-05-18 14:11:39.225509,1659,55,55,0.02,26 a 35 anos,0,2020,,"a velocidade da internet está abaixo do esperado. não consigo fazer download de arquivos grandes e o streaming de vídeos fica travando frequentemente. já entrei em contato com o suporte técnico, mas o problema persiste. espero que seja resolvido em breve.","['velocidade', 'internet', 'abaixo', 'esperado', 'consigo', 'fazer', 'download', 'arquivos', 'grandes', 'streaming', 'vídeos', 'fica', 'travando', 'frequentemente', 'entrei', 'contato', 'suporte', 'técnico', 'problema', 'persiste', 'espero', 'resolvido', 'breve']",reclamação (problemas),1,SP
1036,Rodrigo Fernandes,46,Masculino,Belo Horizonte/MG/Minas Gerais,Casado,3,2017-08-01,,189.99,Telefonia Fixa,6.9,,0.0,"O serviço de telefonia fixa atende às minhas necessidades. As ligações são claras e nunca tive problemas de cobertura. Além disso, o suporte ao cliente é eficiente. O valor mensal é um pouco alto, mas considero que a qualidade do serviço compensa. Estou satisfeito com a empresa.",0,2025-05-18 14:11:39.225509,2847,95,95,0.0,Acima de 45 anos,0,2017,,"o serviço de telefonia fixa atende às minhas necessidades. as ligações são claras e nunca tive problemas de cobertura. além disso, o suporte ao cliente é eficiente. o valor mensal é um pouco alto, mas considero que a qualidade do serviço compensa. estou satisfeito com a empresa.","['serviço', 'telefonia', 'fixa', 'atende', 'necessidades', 'ligações', 'claras', 'nunca', 'problemas', 'cobertura', 'além', 'disso', 'suporte', 'cliente', 'eficiente', 'valor', 'mensal', 'pouco', 'alto', 'considero', 'qualidade', 'serviço', 'compensa', 'satisfeito', 'empresa']",elogio (satisfeita),0,MG
1037,Carolina Almeida,33,Feminino,Rio de Janeiro/RJ/Rio de Janeiro,Solteiro,0,2021-03-15,,129.99,Internet,,-,0.0,A velocidade da internet é excelente. Consigo fazer download de arquivos grandes rapidamente e o streaming de vídeos é suave. Nunca tive problemas de conexão. Estou muito satisfeita com o serviço!,0,2025-05-18 14:11:39.225509,1525,51,51,0.0,26 a 35 anos,0,2021,,a velocidade da internet é excelente. consigo fazer download de arquivos grandes rapidamente e o streaming de vídeos é suave. nunca tive problemas de conexão. estou muito satisfeita com o serviço!,"['velocidade', 'internet', 'excelente', 'consigo', 'fazer', 'download', 'arquivos', 'grandes', 'rapidamente', 'streaming', 'vídeos', 'suave', 'nunca', 'problemas', 'conexão', 'satisfeita', 'serviço']",elogio (satisfeita),0,RJ
1038,Rafael Ferreira,38,Masculino,Porto Alegre/RS/Rio Grande do Sul,Casado,2,2018-11-10,,179.99,TV a Cabo,,-,1.0,"Tenho problemas frequentes com a qualidade do sinal de TV a cabo. A imagem fica pixelada e o som falha com frequência. Já entrei em contato com a empresa, mas o problema ainda não foi resolvido. Espero que seja resolvido em breve.",0,2025-05-18 14:11:39.225509,2381,79,79,0.01,36 a 45 anos,0,2018,,"tenho problemas frequentes com a qualidade do sinal de tv a cabo. a imagem fica pixelada e o som falha com frequência. já entrei em contato com a empresa, mas o problema ainda não foi resolvido. espero que seja resolvido em breve.","['problemas', 'frequentes', 'qualidade', 'sinal', 'cabo', 'imagem', 'fica', 'pixelada', 'falha', 'frequência', 'entrei', 'contato', 'empresa', 'problema', 'ainda', 'resolvido', 'espero', 'resolvido', 'breve']",reclamação (problemas),1,RS
1039,Amanda Castro,31,Feminino,São Paulo/SP/São Paulo,Solteiro,0,2022-01-05,,109.99,Telefonia Móvel,3.9,1.8 GB,0.0,Estou satisfeita com o serviço de telefonia móvel. As chamadas são claras e a internet atende às minhas necessidades básicas. O preço também é razoável em comparação com outras operadoras. Recomendo!,0,2025-05-18 14:11:39.225509,1229,41,41,0.0,26 a 35 anos,0,2022,,estou satisfeita com o serviço de telefonia móvel. as chamadas são claras e a internet atende às minhas necessidades básicas. o preço também é razoável em comparação com outras operadoras. recomendo!,"['satisfeita', 'serviço', 'telefonia', 'móvel', 'chamadas', 'claras', 'internet', 'atende', 'necessidades', 'básicas', 'preço', 'razoável', 'comparação', 'outras', 'operadoras', 'recomendo']",elogio (satisfeita),0,SP
1040,Ricardo Santos,37,Masculino,Belo Horizonte/MG/Minas Gerais,Casado,1,2019-07-01,,129.99,Internet,,-,0.0,A qualidade da internet tem sido ótima. A velocidade é rápida e a conexão é estável. Nunca tive problemas de queda de sinal. Estou muito satisfeito com o serviço!,0,2025-05-18 14:11:39.225509,2148,72,72,0.0,36 a 45 anos,0,2019,,a qualidade da internet tem sido ótima. a velocidade é rápida e a conexão é estável. nunca tive problemas de queda de sinal. estou muito satisfeito com o serviço!,"['qualidade', 'internet', 'sido', 'ótima', 'velocidade', 'rápida', 'conexão', 'estável', 'nunca', 'problemas', 'queda', 'sinal', 'satisfeito', 'serviço']",elogio (satisfeita),0,MG
1041,Gabriel Oliveira,28,Masculino,São Paulo/SP/São Paulo,Solteiro,0,2021-09-15,,99.99,Internet,,-,0.0,A internet tem sido estável e rápida. Consigo realizar todas as minhas atividades online sem problemas. O suporte técnico também é eficiente quando tenho dúvidas. Estou satisfeito com o serviço!,0,2025-05-18 14:11:39.225509,1341,45,45,0.0,26 a 35 anos,0,2021,,a internet tem sido estável e rápida. consigo realizar todas as minhas atividades online sem problemas. o suporte técnico também é eficiente quando tenho dúvidas. estou satisfeito com o serviço!,"['internet', 'sido', 'estável', 'rápida', 'consigo', 'realizar', 'todas', 'atividades', 'online', 'problemas', 'suporte', 'técnico', 'eficiente', 'dúvidas', 'satisfeito', 'serviço']",elogio (satisfeita),0,SP
1042,Juliana Ferreira,35,Feminino,Rio de Janeiro/RJ/Rio de Janeiro,Casado,2,2020-08-01,,149.99,TV a Cabo,,-,1.0,"A qualidade dos canais de TV é excelente. As imagens são nítidas e o som é de alta qualidade. No entanto, o valor mensal é um pouco alto. Além disso, já tive problemas técnicos com a empresa, mas foram resolvidos de forma satisfatória.",0,2025-05-18 14:11:39.225509,1751,58,58,0.02,26 a 35 anos,0,2020,,"a qualidade dos canais de tv é excelente. as imagens são nítidas e o som é de alta qualidade. no entanto, o valor mensal é um pouco alto. além disso, já tive problemas técnicos com a empresa, mas foram resolvidos de forma satisfatória.","['qualidade', 'canais', 'excelente', 'imagens', 'nítidas', 'alta', 'qualidade', 'entanto', 'valor', 'mensal', 'pouco', 'alto', 'além', 'disso', 'problemas', 'técnicos', 'empresa', 'resolvidos', 'forma', 'satisfatória']",elogio (satisfeita),0,RJ
1043,Luiz Santos,40,Masculino,São Paulo/SP/São Paulo,Casado,1,2018-05-10,,129.99,Telefonia Fixa,6.2,,0.0,"O serviço de telefonia fixa tem sido satisfatório. As ligações são claras e não tive problemas de cobertura até o momento. Além disso, o atendimento ao cliente tem sido eficiente. Estou satisfeito com a empresa.",0,2025-05-18 14:11:39.225509,2565,86,86,0.0,36 a 45 anos,0,2018,,"o serviço de telefonia fixa tem sido satisfatório. as ligações são claras e não tive problemas de cobertura até o momento. além disso, o atendimento ao cliente tem sido eficiente. estou satisfeito com a empresa.","['serviço', 'telefonia', 'fixa', 'sido', 'satisfatório', 'ligações', 'claras', 'problemas', 'cobertura', 'momento', 'além', 'disso', 'atendimento', 'cliente', 'sido', 'eficiente', 'satisfeito', 'empresa']",elogio (satisfeita),0,SP
1044,Carolina Oliveira,31,Feminino,Porto Alegre/RS/Rio Grande do Sul,Solteiro,0,2022-03-20,,89.99,Internet,,-,0.0,Estou bastante satisfeita com o serviço de internet. A velocidade é ótima e a conexão é estável. Nunca tive problemas de queda de sinal. O valor mensal também é acessível. Recomendo!,0,2025-05-18 14:11:39.225509,1155,38,38,0.0,26 a 35 anos,0,2022,,estou bastante satisfeita com o serviço de internet. a velocidade é ótima e a conexão é estável. nunca tive problemas de queda de sinal. o valor mensal também é acessível. recomendo!,"['bastante', 'satisfeita', 'serviço', 'internet', 'velocidade', 'ótima', 'conexão', 'estável', 'nunca', 'problemas', 'queda', 'sinal', 'valor', 'mensal', 'acessível', 'recomendo']",elogio (satisfeita),0,RS
1045,Marcos Silva,37,Masculino,Belo Horizonte/MG/Minas Gerais,Casado,2,2019-01-05,,179.99,TV a Cabo,,-,1.0,"A qualidade dos canais de TV a cabo é excelente. A imagem é nítida e o som é de alta qualidade. O valor mensal é um pouco alto, mas considero que vale a pena pelo conteúdo oferecido. Estou satisfeito com o serviço.",0,2025-05-18 14:11:39.225509,2325,78,78,0.01,36 a 45 anos,0,2019,,"a qualidade dos canais de tv a cabo é excelente. a imagem é nítida e o som é de alta qualidade. o valor mensal é um pouco alto, mas considero que vale a pena pelo conteúdo oferecido. estou satisfeito com o serviço.","['qualidade', 'canais', 'cabo', 'excelente', 'imagem', 'nítida', 'alta', 'qualidade', 'valor', 'mensal', 'pouco', 'alto', 'considero', 'vale', 'pena', 'conteúdo', 'oferecido', 'satisfeito', 'serviço']",elogio (satisfeita),0,MG
1046,Larissa Rodrigues,29,Feminino,Rio de Janeiro/RJ/Rio de Janeiro,Solteiro,0,2022-04-10,,129.99,Telefonia Móvel,4.5,2.1 GB,0.0,Estou satisfeita com o serviço de telefonia móvel. As chamadas são claras e a internet atende às minhas necessidades. Nunca tive problemas de cobertura até agora. O preço também é razoável. Recomendo!,0,2025-05-18 14:11:39.225509,1134,38,38,0.0,26 a 35 anos,0,2022,,estou satisfeita com o serviço de telefonia móvel. as chamadas são claras e a internet atende às minhas necessidades. nunca tive problemas de cobertura até agora. o preço também é razoável. recomendo!,"['satisfeita', 'serviço', 'telefonia', 'móvel', 'chamadas', 'claras', 'internet', 'atende', 'necessidades', 'nunca', 'problemas', 'cobertura', 'agora', 'preço', 'razoável', 'recomendo']",elogio (satisfeita),0,RJ
1048,Amanda Santos,33,Feminino,Belo Horizonte/MG/Minas Gerais,Casado,1,2021-05-15,,129.99,TV a Cabo,,-,0.0,"Estou muito satisfeita com o serviço de TV a cabo. A qualidade dos canais é ótima, as imagens são nítidas e o som é de alta qualidade. Nunca tive problemas técnicos até agora. O valor mensal é justo. Recomendo!",0,2025-05-18 14:11:39.225509,1464,49,49,0.0,26 a 35 anos,0,2021,,"estou muito satisfeita com o serviço de tv a cabo. a qualidade dos canais é ótima, as imagens são nítidas e o som é de alta qualidade. nunca tive problemas técnicos até agora. o valor mensal é justo. recomendo!","['satisfeita', 'serviço', 'cabo', 'qualidade', 'canais', 'ótima', 'imagens', 'nítidas', 'alta', 'qualidade', 'nunca', 'problemas', 'técnicos', 'agora', 'valor', 'mensal', 'justo', 'recomendo']",elogio (satisfeita),0,MG
1049,Ricardo Almeida,36,Masculino,São Paulo/SP/São Paulo,Casado,2,2019-12-01,,109.99,Telefonia Fixa,5.9,,0.0,Estou satisfeito com o serviço de telefonia fixa. As ligações são claras e a cobertura é boa. O valor mensal é acessível em comparação com outras empresas. O atendimento ao cliente também é bom. Recomendo!,0,2025-05-18 14:11:39.225509,1995,66,66,0.0,36 a 45 anos,0,2019,,estou satisfeito com o serviço de telefonia fixa. as ligações são claras e a cobertura é boa. o valor mensal é acessível em comparação com outras empresas. o atendimento ao cliente também é bom. recomendo!,"['satisfeito', 'serviço', 'telefonia', 'fixa', 'ligações', 'claras', 'cobertura', 'valor', 'mensal', 'acessível', 'comparação', 'outras', 'empresas', 'atendimento', 'cliente', 'recomendo']",elogio (satisfeita),0,SP
1050,Gabriela Fernandes,27,Feminino,Porto Alegre/RS/Rio Grande do Sul,Solteiro,0,2022-07-01,,99.99,Internet,,-,0.0,A qualidade da internet é excelente. A velocidade é rápida e a conexão é estável. Nunca tive problemas de queda de sinal. Estou muito satisfeita com o serviço!,0,2025-05-18 14:11:39.225509,1052,35,35,0.0,26 a 35 anos,0,2022,,a qualidade da internet é excelente. a velocidade é rápida e a conexão é estável. nunca tive problemas de queda de sinal. estou muito satisfeita com o serviço!,"['qualidade', 'internet', 'excelente', 'velocidade', 'rápida', 'conexão', 'estável', 'nunca', 'problemas', 'queda', 'sinal', 'satisfeita', 'serviço']",elogio (satisfeita),0,RS
1051,Marcelo Costa,39,Masculino,Belo Horizonte/MG/Minas Gerais,Solteiro,0,2021-08-01,,119.99,Telefonia Móvel,4.3,2.5 GB,1.0,"O serviço de telefonia móvel tem sido satisfatório. As chamadas são claras e a internet atende às minhas necessidades. No entanto, já tive um problema de cobertura em determinada área da cidade. Espero que seja resolvido em breve.",0,2025-05-18 14:11:39.225509,1386,46,46,0.02,36 a 45 anos,0,2021,,"o serviço de telefonia móvel tem sido satisfatório. as chamadas são claras e a internet atende às minhas necessidades. no entanto, já tive um problema de cobertura em determinada área da cidade. espero que seja resolvido em breve.","['serviço', 'telefonia', 'móvel', 'sido', 'satisfatório', 'chamadas', 'claras', 'internet', 'atende', 'necessidades', 'entanto', 'problema', 'cobertura', 'determinada', 'área', 'cidade', 'espero', 'resolvido', 'breve']",elogio (satisfeita),0,MG
1052,Beatriz Oliveira,32,Feminino,São Paulo/SP/São Paulo,Casado,1,2020-07-15,,139.99,TV a Cabo,,-,0.0,"Estou bastante satisfeita com o serviço de TV a cabo. A qualidade dos canais é excelente, as imagens são nítidas e o som é de alta qualidade. O valor mensal é um pouco alto, mas considero que vale a pena pelo conteúdo oferecido.",0,2025-05-18 14:11:39.225509,1768,59,59,0.0,26 a 35 anos,0,2020,,"estou bastante satisfeita com o serviço de tv a cabo. a qualidade dos canais é excelente, as imagens são nítidas e o som é de alta qualidade. o valor mensal é um pouco alto, mas considero que vale a pena pelo conteúdo oferecido.","['bastante', 'satisfeita', 'serviço', 'cabo', 'qualidade', 'canais', 'excelente', 'imagens', 'nítidas', 'alta', 'qualidade', 'valor', 'mensal', 'pouco', 'alto', 'considero', 'vale', 'pena', 'conteúdo', 'oferecido']",elogio (satisfeita),0,SP
1053,Lucas Silva,34,Masculino,Rio de Janeiro/RJ/Rio de Janeiro,Casado,2,2018-04-10,,129.99,Telefonia Fixa,6.7,,0.0,O serviço de telefonia fixa tem atendido às minhas necessidades. As ligações são claras e não tive problemas de cobertura até o momento. O valor mensal é justo. Estou satisfeito com a empresa.,0,2025-05-18 14:11:39.225509,2595,86,86,0.0,26 a 35 anos,0,2018,,o serviço de telefonia fixa tem atendido às minhas necessidades. as ligações são claras e não tive problemas de cobertura até o momento. o valor mensal é justo. estou satisfeito com a empresa.,"['serviço', 'telefonia', 'fixa', 'atendido', 'necessidades', 'ligações', 'claras', 'problemas', 'cobertura', 'momento', 'valor', 'mensal', 'justo', 'satisfeito', 'empresa']",elogio (satisfeita),0,RJ
1055,Felipe Santos,36,Masculino,São Paulo/SP/São Paulo,Casado,1,2019-07-05,,119.99,TV a Cabo,,-,1.0,"A qualidade dos canais de TV a cabo é muito boa. A imagem é nítida e o som é de alta qualidade. No entanto, já tive problemas técnicos com a empresa, mas foram resolvidos de forma satisfatória. Estou satisfeito com o serviço.",0,2025-05-18 14:11:39.225509,2144,71,71,0.01,36 a 45 anos,0,2019,,"a qualidade dos canais de tv a cabo é muito boa. a imagem é nítida e o som é de alta qualidade. no entanto, já tive problemas técnicos com a empresa, mas foram resolvidos de forma satisfatória. estou satisfeito com o serviço.","['qualidade', 'canais', 'cabo', 'imagem', 'nítida', 'alta', 'qualidade', 'entanto', 'problemas', 'técnicos', 'empresa', 'resolvidos', 'forma', 'satisfatória', 'satisfeito', 'serviço']",elogio (satisfeita),0,SP
1056,Larissa Almeida,29,Feminino,Porto Alegre/RS/Rio Grande do Sul,Solteiro,0,2022-06-10,,89.99,Telefonia Móvel,4.8,2.3 GB,0.0,Estou satisfeita com o serviço de telefonia móvel. As chamadas são claras e a internet atende às minhas necessidades. Nunca tive problemas de cobertura até agora. O preço também é razoável. Recomendo!,0,2025-05-18 14:11:39.225509,1073,36,36,0.0,26 a 35 anos,0,2022,,estou satisfeita com o serviço de telefonia móvel. as chamadas são claras e a internet atende às minhas necessidades. nunca tive problemas de cobertura até agora. o preço também é razoável. recomendo!,"['satisfeita', 'serviço', 'telefonia', 'móvel', 'chamadas', 'claras', 'internet', 'atende', 'necessidades', 'nunca', 'problemas', 'cobertura', 'agora', 'preço', 'razoável', 'recomendo']",elogio (satisfeita),0,RS
1057,Gustavo Fernandes,43,Masculino,Belo Horizonte/MG/Minas Gerais,Casado,2,2019-02-01,,129.99,Internet,,-,0.0,A internet tem sido estável e rápida. Consigo realizar todas as minhas atividades online sem interrupções. O suporte técnico também é eficiente quando tenho dúvidas. Estou satisfeito com o serviço!,0,2025-05-18 14:11:39.225509,2298,77,77,0.0,36 a 45 anos,0,2019,,a internet tem sido estável e rápida. consigo realizar todas as minhas atividades online sem interrupções. o suporte técnico também é eficiente quando tenho dúvidas. estou satisfeito com o serviço!,"['internet', 'sido', 'estável', 'rápida', 'consigo', 'realizar', 'todas', 'atividades', 'online', 'interrupções', 'suporte', 'técnico', 'eficiente', 'dúvidas', 'satisfeito', 'serviço']",elogio (satisfeita),0,MG
1058,Mariana Costa,31,Feminino,Rio de Janeiro/RJ/Rio de Janeiro,Solteiro,0,2022-05-15,,149.99,TV a Cabo,,-,0.0,"Estou muito satisfeita com o serviço de TV a cabo. A qualidade dos canais é excelente, as imagens são nítidas e o som é de alta qualidade. O valor mensal é justo. Recomendo!",0,2025-05-18 14:11:39.225509,1099,37,37,0.0,26 a 35 anos,0,2022,,"estou muito satisfeita com o serviço de tv a cabo. a qualidade dos canais é excelente, as imagens são nítidas e o som é de alta qualidade. o valor mensal é justo. recomendo!","['satisfeita', 'serviço', 'cabo', 'qualidade', 'canais', 'excelente', 'imagens', 'nítidas', 'alta', 'qualidade', 'valor', 'mensal', 'justo', 'recomendo']",elogio (satisfeita),0,RJ
1059,Rodrigo Oliveira,39,Masculino,São Paulo/SP/São Paulo,Casado,1,2018-12-10,,109.99,Telefonia Fixa,5.5,,0.0,Estou satisfeito com o serviço de telefonia fixa. As ligações são claras e a cobertura é boa. O valor mensal é acessível em comparação com outras empresas. O atendimento ao cliente também é bom. Recomendo!,0,2025-05-18 14:11:39.225509,2351,78,78,0.0,36 a 45 anos,0,2018,,estou satisfeito com o serviço de telefonia fixa. as ligações são claras e a cobertura é boa. o valor mensal é acessível em comparação com outras empresas. o atendimento ao cliente também é bom. recomendo!,"['satisfeito', 'serviço', 'telefonia', 'fixa', 'ligações', 'claras', 'cobertura', 'valor', 'mensal', 'acessível', 'comparação', 'outras', 'empresas', 'atendimento', 'cliente', 'recomendo']",elogio (satisfeita),0,SP
1060,Luciana Silva,27,Feminino,Belo Horizonte/MG/Minas Gerais,Solteiro,0,2022-09-01,,99.99,Internet,,-,0.0,A qualidade da internet é excelente. A velocidade é rápida e a conexão é estável. Nunca tive problemas de queda de sinal. Estou muito satisfeita com o serviço!,0,2025-05-18 14:11:39.225509,990,33,33,0.0,26 a 35 anos,0,2022,,a qualidade da internet é excelente. a velocidade é rápida e a conexão é estável. nunca tive problemas de queda de sinal. estou muito satisfeita com o serviço!,"['qualidade', 'internet', 'excelente', 'velocidade', 'rápida', 'conexão', 'estável', 'nunca', 'problemas', 'queda', 'sinal', 'satisfeita', 'serviço']",elogio (satisfeita),0,MG
1062,Luana Almeida,29,Feminino,Porto Alegre/RS/Rio Grande do Sul,Solteiro,0,2022-06-10,,89.99,Telefonia Móvel,4.8,2.3 GB,0.0,Estou satisfeita com o serviço de telefonia móvel. As chamadas são claras e a internet atende às minhas necessidades. Nunca tive problemas de cobertura até agora. O preço também é razoável. Recomendo!,0,2025-05-18 14:11:39.225509,1073,36,36,0.0,26 a 35 anos,0,2022,,estou satisfeita com o serviço de telefonia móvel. as chamadas são claras e a internet atende às minhas necessidades. nunca tive problemas de cobertura até agora. o preço também é razoável. recomendo!,"['satisfeita', 'serviço', 'telefonia', 'móvel', 'chamadas', 'claras', 'internet', 'atende', 'necessidades', 'nunca', 'problemas', 'cobertura', 'agora', 'preço', 'razoável', 'recomendo']",elogio (satisfeita),0,RS
1063,Diego Fernandes,43,Masculino,Belo Horizonte/MG/Minas Gerais,Casado,2,2019-02-01,,129.99,Internet,,-,0.0,A internet tem sido estável e rápida. Consigo realizar todas as minhas atividades online sem interrupções. O suporte técnico também é eficiente quando tenho dúvidas. Estou satisfeito com o serviço!,0,2025-05-18 14:11:39.225509,2298,77,77,0.0,36 a 45 anos,0,2019,,a internet tem sido estável e rápida. consigo realizar todas as minhas atividades online sem interrupções. o suporte técnico também é eficiente quando tenho dúvidas. estou satisfeito com o serviço!,"['internet', 'sido', 'estável', 'rápida', 'consigo', 'realizar', 'todas', 'atividades', 'online', 'interrupções', 'suporte', 'técnico', 'eficiente', 'dúvidas', 'satisfeito', 'serviço']",elogio (satisfeita),0,MG
1064,Mariana Costa,31,Feminino,Rio de Janeiro/RJ/Rio de Janeiro,Solteiro,0,2022-05-15,,149.99,TV a Cabo,,-,0.0,"Estou muito satisfeita com o serviço de TV a cabo. A qualidade dos canais é excelente, as imagens são nítidas e o som é de alta qualidade. O valor mensal é justo. Recomendo!",0,2025-05-18 14:11:39.225509,1099,37,37,0.0,26 a 35 anos,0,2022,,"estou muito satisfeita com o serviço de tv a cabo. a qualidade dos canais é excelente, as imagens são nítidas e o som é de alta qualidade. o valor mensal é justo. recomendo!","['satisfeita', 'serviço', 'cabo', 'qualidade', 'canais', 'excelente', 'imagens', 'nítidas', 'alta', 'qualidade', 'valor', 'mensal', 'justo', 'recomendo']",elogio (satisfeita),0,RJ
1065,Rodrigo Oliveira,39,Masculino,São Paulo/SP/São Paulo,Casado,1,2018-12-10,,109.99,Telefonia Fixa,5.5,,0.0,Estou satisfeito com o serviço de telefonia fixa. As ligações são claras e a cobertura é boa. O valor mensal é acessível em comparação com outras empresas. O atendimento ao cliente também é bom. Recomendo!,0,2025-05-18 14:11:39.225509,2351,78,78,0.0,36 a 45 anos,0,2018,,estou satisfeito com o serviço de telefonia fixa. as ligações são claras e a cobertura é boa. o valor mensal é acessível em comparação com outras empresas. o atendimento ao cliente também é bom. recomendo!,"['satisfeito', 'serviço', 'telefonia', 'fixa', 'ligações', 'claras', 'cobertura', 'valor', 'mensal', 'acessível', 'comparação', 'outras', 'empresas', 'atendimento', 'cliente', 'recomendo']",elogio (satisfeita),0,SP
1066,Luciana Silva,27,Feminino,Belo Horizonte/MG/Minas Gerais,Solteiro,0,2022-09-01,,99.99,Internet,,-,0.0,A qualidade da internet é excelente. A velocidade é rápida e a conexão é estável. Nunca tive problemas de queda de sinal. Estou muito satisfeita com o serviço!,0,2025-05-18 14:11:39.225509,990,33,33,0.0,26 a 35 anos,0,2022,,a qualidade da internet é excelente. a velocidade é rápida e a conexão é estável. nunca tive problemas de queda de sinal. estou muito satisfeita com o serviço!,"['qualidade', 'internet', 'excelente', 'velocidade', 'rápida', 'conexão', 'estável', 'nunca', 'problemas', 'queda', 'sinal', 'satisfeita', 'serviço']",elogio (satisfeita),0,MG
1067,André Santos,37,Masculino,Rio de Janeiro/RJ/Rio de Janeiro,Casado,2,2019-04-05,,119.99,TV a Cabo,,-,1.0,"A qualidade dos canais de TV a cabo é muito boa. A imagem é nítida e o som é de alta qualidade. Já tive problemas técnicos com a empresa, mas foram resolvidos rapidamente. O valor mensal é um pouco alto, mas considero que vale a pena pelo conteúdo oferecido. Estou satisfeito com o serviço.",0,2025-05-18 14:11:39.225509,2235,74,74,0.01,36 a 45 anos,0,2019,,"a qualidade dos canais de tv a cabo é muito boa. a imagem é nítida e o som é de alta qualidade. já tive problemas técnicos com a empresa, mas foram resolvidos rapidamente. o valor mensal é um pouco alto, mas considero que vale a pena pelo conteúdo oferecido. estou satisfeito com o serviço.","['qualidade', 'canais', 'cabo', 'imagem', 'nítida', 'alta', 'qualidade', 'problemas', 'técnicos', 'empresa', 'resolvidos', 'rapidamente', 'valor', 'mensal', 'pouco', 'alto', 'considero', 'vale', 'pena', 'conteúdo', 'oferecido', 'satisfeito', 'serviço']",elogio (satisfeita),0,RJ
1068,Gabriela Almeida,32,Feminino,Rio de Janeiro/RJ/Rio de Janeiro,Casado,1,2021-03-20,,129.99,Telefonia Fixa,4.2,Extremamente Negativo,1.0,"Estou profundamente insatisfeita com o serviço de telefonia fixa. As ligações são constantemente interrompidas, e a qualidade do som é péssima. Além disso, o atendimento ao cliente é ineficiente e não resolve meus problemas. Não recomendo essa empresa de forma alguma.",0,2025-05-18 14:11:39.225509,1520,51,51,0.02,26 a 35 anos,1,2021,,"estou profundamente insatisfeita com o serviço de telefonia fixa. as ligações são constantemente interrompidas, e a qualidade do som é péssima. além disso, o atendimento ao cliente é ineficiente e não resolve meus problemas. não recomendo essa empresa de forma alguma.","['profundamente', 'insatisfeita', 'serviço', 'telefonia', 'fixa', 'ligações', 'constantemente', 'interrompidas', 'qualidade', 'péssima', 'além', 'disso', 'atendimento', 'cliente', 'ineficiente', 'resolve', 'problemas', 'recomendo', 'empresa', 'forma', 'alguma']",reclamação (problemas),1,RJ
1068,Julio Santos,28,Masculino,São Paulo/SP/São Paulo,Solteiro,0,2022-09-01,,99.99,Internet,3.9,Extremamente Negativo,1.0,"A internet fornecida é simplesmente terrível. A velocidade é lenta, o sinal cai constantemente e o suporte técnico não é capaz de solucionar os problemas. Estou extremamente frustrado com o serviço e planejo cancelá-lo o mais rápido possível.",0,2025-05-18 14:11:39.225509,990,33,33,0.03,26 a 35 anos,1,2022,,"a internet fornecida é simplesmente terrível. a velocidade é lenta, o sinal cai constantemente e o suporte técnico não é capaz de solucionar os problemas. estou extremamente frustrado com o serviço e planejo cancelá-lo o mais rápido possível.","['internet', 'fornecida', 'simplesmente', 'terrível', 'velocidade', 'lenta', 'sinal', 'constantemente', 'suporte', 'técnico', 'capaz', 'solucionar', 'problemas', 'extremamente', 'frustrado', 'serviço', 'planejo', 'cancelálo', 'rápido', 'possível']",reclamação (problemas),1,SP
1069,Carolina Oliveira,35,Feminino,Belo Horizonte/MG/Minas Gerais,Casado,2,2019-04-05,,119.99,TV a Cabo,2.1,Extremamente Negativo,1.0,"Não consigo expressar o quão decepcionada estou com o serviço de TV a cabo. Os canais apresentam constantes falhas de sinal, a imagem é frequentemente distorcida e o suporte técnico é inútil. É um completo desperdício de dinheiro e tempo.",0,2025-05-18 14:11:39.225509,2235,74,74,0.01,26 a 35 anos,0,2019,,"não consigo expressar o quão decepcionada estou com o serviço de tv a cabo. os canais apresentam constantes falhas de sinal, a imagem é frequentemente distorcida e o suporte técnico é inútil. é um completo desperdício de dinheiro e tempo.","['consigo', 'expressar', 'quão', 'decepcionada', 'serviço', 'cabo', 'canais', 'apresentam', 'constantes', 'falhas', 'sinal', 'imagem', 'frequentemente', 'distorcida', 'suporte', 'técnico', 'inútil', 'completo', 'desperdício', 'dinheiro', 'tempo']",reclamação (problemas),1,MG
1070,Andréa Fernandes,39,Feminino,Porto Alegre/RS/Rio Grande do Sul,Solteiro,0,2023-01-15,,89.99,Telefonia Móvel,3.5,Extremamente Negativo,1.0,"O serviço de telefonia móvel é absolutamente horrível. As chamadas caem o tempo todo, a qualidade do som é péssima e a internet é lenta. Não há nada positivo para se dizer sobre essa empresa. Fuja dela!",0,2025-05-18 14:11:39.225509,854,28,28,0.04,36 a 45 anos,0,2023,,"o serviço de telefonia móvel é absolutamente horrível. as chamadas caem o tempo todo, a qualidade do som é péssima e a internet é lenta. não há nada positivo para se dizer sobre essa empresa. fuja dela!","['serviço', 'telefonia', 'móvel', 'absolutamente', 'horrível', 'chamadas', 'caem', 'tempo', 'todo', 'qualidade', 'péssima', 'internet', 'lenta', 'nada', 'positivo', 'dizer', 'sobre', 'empresa', 'fuja']",reclamação (problemas),1,RS
1071,Gustavo Lima,42,Masculino,Rio de Janeiro/RJ/Rio de Janeiro,Casado,2,2020-05-01,,149.99,Internet,4.6,Extremamente Negativo,1.0,"Essa empresa de internet é um verdadeiro pesadelo. A velocidade é uma piada, a conexão falha constantemente e o suporte técnico é ineficaz. É uma completa falta de respeito com os clientes. Evite essa empresa a todo custo!",0,2025-05-18 14:11:39.225509,1843,61,61,0.02,36 a 45 anos,0,2020,,"essa empresa de internet é um verdadeiro pesadelo. a velocidade é uma piada, a conexão falha constantemente e o suporte técnico é ineficaz. é uma completa falta de respeito com os clientes. evite essa empresa a todo custo!","['empresa', 'internet', 'verdadeiro', 'pesadelo', 'velocidade', 'piada', 'conexão', 'falha', 'constantemente', 'suporte', 'técnico', 'ineficaz', 'completa', 'falta', 'respeito', 'clientes', 'evite', 'empresa', 'todo', 'custo']",reclamação (problemas),1,RJ
1073,Marcos Oliveira,29,Masculino,Belo Horizonte/MG/Minas Gerais,Solteiro,0,2022-09-01,,99.99,Telefonia Fixa,2.4,Extremamente Negativo,1.0,"O serviço de telefonia fixa dessa empresa é um verdadeiro desastre. As ligações são constantemente cortadas, o som é horrível e o atendimento ao cliente é simplesmente inútil. É uma experiência frustrante e não vale o dinheiro investido.",0,2025-05-18 14:11:39.225509,990,33,33,0.03,26 a 35 anos,0,2022,,"o serviço de telefonia fixa dessa empresa é um verdadeiro desastre. as ligações são constantemente cortadas, o som é horrível e o atendimento ao cliente é simplesmente inútil. é uma experiência frustrante e não vale o dinheiro investido.","['serviço', 'telefonia', 'fixa', 'dessa', 'empresa', 'verdadeiro', 'desastre', 'ligações', 'constantemente', 'cortadas', 'horrível', 'atendimento', 'cliente', 'simplesmente', 'inútil', 'experiência', 'frustrante', 'vale', 'dinheiro', 'investido']",reclamação (problemas),1,MG
1074,Isabela Silva,27,Feminino,Porto Alegre/RS/Rio Grande do Sul,Solteiro,0,2023-01-15,,89.99,Telefonia Móvel,1.9,Extremamente Negativo,1.0,"A telefonia móvel dessa empresa é uma piada de mau gosto. As chamadas não funcionam adequadamente, a qualidade do som é péssima e a cobertura é praticamente inexistente em muitas áreas. É uma completa perda de dinheiro e tempo.",0,2025-05-18 14:11:39.225509,854,28,28,0.04,26 a 35 anos,0,2023,,"a telefonia móvel dessa empresa é uma piada de mau gosto. as chamadas não funcionam adequadamente, a qualidade do som é péssima e a cobertura é praticamente inexistente em muitas áreas. é uma completa perda de dinheiro e tempo.","['telefonia', 'móvel', 'dessa', 'empresa', 'piada', 'gosto', 'chamadas', 'funcionam', 'adequadamente', 'qualidade', 'péssima', 'cobertura', 'praticamente', 'inexistente', 'muitas', 'áreas', 'completa', 'perda', 'dinheiro', 'tempo']",reclamação (problemas),1,RS
1075,Roberto Lima,45,Masculino,Rio de Janeiro/RJ/Rio de Janeiro,Casado,2,2020-05-01,,149.99,Internet,3.7,Extremamente Negativo,1.0,"Essa empresa de internet é simplesmente horrível. A velocidade é ridícula, a conexão é constantemente interrompida e o suporte técnico é inútil. Não há palavras para expressar o quão péssimo é o serviço oferecido. Fuja dessa empresa!",0,2025-05-18 14:11:39.225509,1843,61,61,0.02,36 a 45 anos,0,2020,,"essa empresa de internet é simplesmente horrível. a velocidade é ridícula, a conexão é constantemente interrompida e o suporte técnico é inútil. não há palavras para expressar o quão péssimo é o serviço oferecido. fuja dessa empresa!","['empresa', 'internet', 'simplesmente', 'horrível', 'velocidade', 'ridícula', 'conexão', 'constantemente', 'interrompida', 'suporte', 'técnico', 'inútil', 'palavras', 'expressar', 'quão', 'péssimo', 'serviço', 'oferecido', 'fuja', 'dessa', 'empresa']",reclamação (problemas),1,RJ
1076,Luciana Fernandes,38,Feminino,São Paulo/SP/São Paulo,Casado,1,2018-12-10,,109.99,TV a Cabo,1.2,Extremamente Negativo,1.0,"Estou completamente desapontada com o serviço de TV a cabo dessa empresa. A qualidade dos canais é péssima, a imagem é frequentemente distorcida e o atendimento ao cliente é simplesmente inexistente. Não recomendo a ninguém.",0,2025-05-18 14:11:39.225509,2351,78,78,0.01,36 a 45 anos,0,2018,,"estou completamente desapontada com o serviço de tv a cabo dessa empresa. a qualidade dos canais é péssima, a imagem é frequentemente distorcida e o atendimento ao cliente é simplesmente inexistente. não recomendo a ninguém.","['completamente', 'desapontada', 'serviço', 'cabo', 'dessa', 'empresa', 'qualidade', 'canais', 'péssima', 'imagem', 'frequentemente', 'distorcida', 'atendimento', 'cliente', 'simplesmente', 'inexistente', 'recomendo', 'ninguém']",reclamação (problemas),1,SP
1077,Diego Oliveira,31,Masculino,Belo Horizonte/MG/Minas Gerais,Solteiro,0,2022-09-01,,99.99,Telefonia Fixa,2.9,Extremamente Negativo,1.0,"O serviço de telefonia fixa dessa empresa é um verdadeiro pesadelo. As ligações caem o tempo todo, o som é terrível e o suporte técnico é ineficiente. É uma experiência frustrante e desgastante lidar com essa empresa.",0,2025-05-18 14:11:39.225509,990,33,33,0.03,26 a 35 anos,0,2022,,"o serviço de telefonia fixa dessa empresa é um verdadeiro pesadelo. as ligações caem o tempo todo, o som é terrível e o suporte técnico é ineficiente. é uma experiência frustrante e desgastante lidar com essa empresa.","['serviço', 'telefonia', 'fixa', 'dessa', 'empresa', 'verdadeiro', 'pesadelo', 'ligações', 'caem', 'tempo', 'todo', 'terrível', 'suporte', 'técnico', 'ineficiente', 'experiência', 'frustrante', 'desgastante', 'lidar', 'empresa']",reclamação (problemas),1,MG
1078,Sabrina Silva,26,Feminino,Porto Alegre/RS/Rio Grande do Sul,Solteiro,0,2023-01-15,,89.99,Telefonia Móvel,1.5,Extremamente Negativo,1.0,"A telefonia móvel dessa empresa é um completo desastre. As chamadas não são completadas, o som é horrível e a cobertura é péssima. É uma completa perda de dinheiro e tempo. Não recomendo de forma alguma.",0,2025-05-18 14:11:39.225509,854,28,28,0.04,26 a 35 anos,0,2023,,"a telefonia móvel dessa empresa é um completo desastre. as chamadas não são completadas, o som é horrível e a cobertura é péssima. é uma completa perda de dinheiro e tempo. não recomendo de forma alguma.","['telefonia', 'móvel', 'dessa', 'empresa', 'completo', 'desastre', 'chamadas', 'completadas', 'horrível', 'cobertura', 'péssima', 'completa', 'perda', 'dinheiro', 'tempo', 'recomendo', 'forma', 'alguma']",reclamação (problemas),1,RS
1080,Jéssica Fernandes,32,Feminino,São Paulo/SP/São Paulo,Casado,1,2018-12-10,,109.99,TV a Cabo,1.1,Extremamente Negativo,1.0,"Estou profundamente decepcionada com o serviço de TV a cabo dessa empresa. A qualidade dos canais é péssima, o sinal some constantemente e o atendimento ao cliente é inexistente. É um completo desperdício de dinheiro. Não recomendo de forma alguma.",0,2025-05-18 14:11:39.225509,2351,78,78,0.01,26 a 35 anos,0,2018,,"estou profundamente decepcionada com o serviço de tv a cabo dessa empresa. a qualidade dos canais é péssima, o sinal some constantemente e o atendimento ao cliente é inexistente. é um completo desperdício de dinheiro. não recomendo de forma alguma.","['profundamente', 'decepcionada', 'serviço', 'cabo', 'dessa', 'empresa', 'qualidade', 'canais', 'péssima', 'sinal', 'some', 'constantemente', 'atendimento', 'cliente', 'inexistente', 'completo', 'desperdício', 'dinheiro', 'recomendo', 'forma', 'alguma']",reclamação (problemas),1,SP
1081,Luiz Oliveira,28,Masculino,Belo Horizonte/MG/Minas Gerais,Solteiro,0,2022-09-01,,99.99,Telefonia Fixa,2.6,Extremamente Negativo,1.0,"O serviço de telefonia fixa dessa empresa é uma completa piada. As ligações são constantemente cortadas, o som é horrível e o suporte técnico não resolve nada. É uma experiência frustrante e não recomendo a ninguém.",0,2025-05-18 14:11:39.225509,990,33,33,0.03,26 a 35 anos,0,2022,,"o serviço de telefonia fixa dessa empresa é uma completa piada. as ligações são constantemente cortadas, o som é horrível e o suporte técnico não resolve nada. é uma experiência frustrante e não recomendo a ninguém.","['serviço', 'telefonia', 'fixa', 'dessa', 'empresa', 'completa', 'piada', 'ligações', 'constantemente', 'cortadas', 'horrível', 'suporte', 'técnico', 'resolve', 'nada', 'experiência', 'frustrante', 'recomendo', 'ninguém']",reclamação (problemas),1,MG
1082,Amanda Santos,34,Feminino,Porto Alegre/RS/Rio Grande do Sul,Solteiro,0,2023-01-15,,89.99,Telefonia Móvel,1.2,Extremamente Negativo,1.0,"A telefonia móvel dessa empresa é um verdadeiro desastre. As chamadas não são completadas, o som é terrível e a cobertura é péssima. É uma experiência frustrante e uma completa perda de dinheiro. Não recomendo de forma alguma.",0,2025-05-18 14:11:39.225509,854,28,28,0.04,26 a 35 anos,0,2023,,"a telefonia móvel dessa empresa é um verdadeiro desastre. as chamadas não são completadas, o som é terrível e a cobertura é péssima. é uma experiência frustrante e uma completa perda de dinheiro. não recomendo de forma alguma.","['telefonia', 'móvel', 'dessa', 'empresa', 'verdadeiro', 'desastre', 'chamadas', 'completadas', 'terrível', 'cobertura', 'péssima', 'experiência', 'frustrante', 'completa', 'perda', 'dinheiro', 'recomendo', 'forma', 'alguma']",reclamação (problemas),1,RS
1083,Felipe Lima,41,Masculino,Rio de Janeiro/RJ/Rio de Janeiro,Casado,2,2020-05-01,,149.99,Internet,3.2,Extremamente Negativo,1.0,"Essa empresa de internet é um completo pesadelo. A velocidade é extremamente lenta, a conexão é constantemente interrompida e o suporte técnico é ineficaz. É uma completa falta de respeito com os clientes. Evite essa empresa a todo custo!",0,2025-05-18 14:11:39.225509,1843,61,61,0.02,36 a 45 anos,0,2020,,"essa empresa de internet é um completo pesadelo. a velocidade é extremamente lenta, a conexão é constantemente interrompida e o suporte técnico é ineficaz. é uma completa falta de respeito com os clientes. evite essa empresa a todo custo!","['empresa', 'internet', 'completo', 'pesadelo', 'velocidade', 'extremamente', 'lenta', 'conexão', 'constantemente', 'interrompida', 'suporte', 'técnico', 'ineficaz', 'completa', 'falta', 'respeito', 'clientes', 'evite', 'empresa', 'todo', 'custo']",reclamação (problemas),1,RJ
1084,Bruna Fernandes,30,Feminino,São Paulo/SP/São Paulo,Casado,1,2018-12-10,,109.99,TV a Cabo,1.3,Extremamente Negativo,1.0,"Estou completamente insatisfeita com o serviço de TV a cabo dessa empresa. A maioria dos canais apresenta uma qualidade terrível, o sinal some constantemente e o atendimento ao cliente é péssimo. Não recomendo de forma alguma.",0,2025-05-18 14:11:39.225509,2351,78,78,0.01,26 a 35 anos,0,2018,,"estou completamente insatisfeita com o serviço de tv a cabo dessa empresa. a maioria dos canais apresenta uma qualidade terrível, o sinal some constantemente e o atendimento ao cliente é péssimo. não recomendo de forma alguma.","['completamente', 'insatisfeita', 'serviço', 'cabo', 'dessa', 'empresa', 'maioria', 'canais', 'apresenta', 'qualidade', 'terrível', 'sinal', 'some', 'constantemente', 'atendimento', 'cliente', 'péssimo', 'recomendo', 'forma', 'alguma']",elogio (satisfeita),0,SP
1086,Marina Santos,27,Feminino,Porto Alegre/RS/Rio Grande do Sul,Solteiro,0,2023-01-15,,89.99,Telefonia Móvel,1.1,Extremamente Negativo,1.0,"A telefonia móvel dessa empresa é uma completa decepção. As chamadas são constantemente interrompidas, o som é horrível e a cobertura é péssima. É uma perda de dinheiro e tempo lidar com essa empresa. Não recomendo de forma alguma.",0,2025-05-18 14:11:39.225509,854,28,28,0.04,26 a 35 anos,0,2023,,"a telefonia móvel dessa empresa é uma completa decepção. as chamadas são constantemente interrompidas, o som é horrível e a cobertura é péssima. é uma perda de dinheiro e tempo lidar com essa empresa. não recomendo de forma alguma.","['telefonia', 'móvel', 'dessa', 'empresa', 'completa', 'decepção', 'chamadas', 'constantemente', 'interrompidas', 'horrível', 'cobertura', 'péssima', 'perda', 'dinheiro', 'tempo', 'lidar', 'empresa', 'recomendo', 'forma', 'alguma']",reclamação (problemas),1,RS
1087,Carlos Lima,43,Masculino,Rio de Janeiro/RJ/Rio de Janeiro,Casado,2,2020-05-01,,149.99,Internet,2.9,Extremamente Negativo,1.0,"Essa empresa de internet é um verdadeiro pesadelo. A velocidade é extremamente lenta, a conexão é instável e o suporte técnico é ineficiente. É uma completa falta de respeito com os clientes. Fuja dessa empresa!",0,2025-05-18 14:11:39.225509,1843,61,61,0.02,36 a 45 anos,0,2020,,"essa empresa de internet é um verdadeiro pesadelo. a velocidade é extremamente lenta, a conexão é instável e o suporte técnico é ineficiente. é uma completa falta de respeito com os clientes. fuja dessa empresa!","['empresa', 'internet', 'verdadeiro', 'pesadelo', 'velocidade', 'extremamente', 'lenta', 'conexão', 'instável', 'suporte', 'técnico', 'ineficiente', 'completa', 'falta', 'respeito', 'clientes', 'fuja', 'dessa', 'empresa']",elogio (satisfeita),0,RJ
1088,Larissa Fernandes,31,Feminino,São Paulo/SP/São Paulo,Casado,1,2018-12-10,,109.99,TV a Cabo,1.2,Extremamente Negativo,1.0,"Estou extremamente desapontada com o serviço de TV a cabo dessa empresa. A qualidade dos canais é horrível, o sinal some constantemente e o atendimento ao cliente é inexistente. É uma completa perda de dinheiro e tempo.",0,2025-05-18 14:11:39.225509,2351,78,78,0.01,26 a 35 anos,0,2018,,"estou extremamente desapontada com o serviço de tv a cabo dessa empresa. a qualidade dos canais é horrível, o sinal some constantemente e o atendimento ao cliente é inexistente. é uma completa perda de dinheiro e tempo.","['extremamente', 'desapontada', 'serviço', 'cabo', 'dessa', 'empresa', 'qualidade', 'canais', 'horrível', 'sinal', 'some', 'constantemente', 'atendimento', 'cliente', 'inexistente', 'completa', 'perda', 'dinheiro', 'tempo']",reclamação (problemas),1,SP
1089,Maurício Oliveira,30,Masculino,Belo Horizonte/MG/Minas Gerais,Solteiro,0,2022-09-01,,99.99,Telefonia Fixa,2.2,Extremamente Negativo,1.0,"O serviço de telefonia fixa dessa empresa é uma verdadeira piada. As ligações são frequentemente cortadas, o som é terrível e o suporte técnico não é capaz de resolver os problemas. É uma experiência frustrante e não recomendo a ninguém.",0,2025-05-18 14:11:39.225509,990,33,33,0.03,26 a 35 anos,0,2022,,"o serviço de telefonia fixa dessa empresa é uma verdadeira piada. as ligações são frequentemente cortadas, o som é terrível e o suporte técnico não é capaz de resolver os problemas. é uma experiência frustrante e não recomendo a ninguém.","['serviço', 'telefonia', 'fixa', 'dessa', 'empresa', 'verdadeira', 'piada', 'ligações', 'frequentemente', 'cortadas', 'terrível', 'suporte', 'técnico', 'capaz', 'resolver', 'problemas', 'experiência', 'frustrante', 'recomendo', 'ninguém']",reclamação (problemas),1,MG
1090,Luciana Santos,28,Feminino,Porto Alegre/RS/Rio Grande do Sul,Solteiro,0,2023-01-15,,89.99,Telefonia Móvel,1.3,Extremamente Negativo,1.0,"A telefonia móvel dessa empresa é um completo desastre. As chamadas não são completadas, o som é horrível e a cobertura é péssima. É uma experiência frustrante e uma total perda de dinheiro. Não recomendo essa empresa de forma alguma.",0,2025-05-18 14:11:39.225509,854,28,28,0.04,26 a 35 anos,0,2023,,"a telefonia móvel dessa empresa é um completo desastre. as chamadas não são completadas, o som é horrível e a cobertura é péssima. é uma experiência frustrante e uma total perda de dinheiro. não recomendo essa empresa de forma alguma.","['telefonia', 'móvel', 'dessa', 'empresa', 'completo', 'desastre', 'chamadas', 'completadas', 'horrível', 'cobertura', 'péssima', 'experiência', 'frustrante', 'total', 'perda', 'dinheiro', 'recomendo', 'empresa', 'forma', 'alguma']",reclamação (problemas),1,RS
1091,João Pereira,35,Masculino,Rio de Janeiro/RJ/Rio de Janeiro,Casado,2,2020-05-01,,149.99,Internet,2.7,Extremamente Negativo,1.0,"Essa empresa de internet é uma completa vergonha. A velocidade é ridícula, a conexão cai o tempo todo e o suporte técnico é ineficiente. É um completo desperdício de dinheiro lidar com essa empresa. Não recomendo a ninguém.",0,2025-05-18 14:11:39.225509,1843,61,61,0.02,26 a 35 anos,0,2020,,"essa empresa de internet é uma completa vergonha. a velocidade é ridícula, a conexão cai o tempo todo e o suporte técnico é ineficiente. é um completo desperdício de dinheiro lidar com essa empresa. não recomendo a ninguém.","['empresa', 'internet', 'completa', 'vergonha', 'velocidade', 'ridícula', 'conexão', 'tempo', 'todo', 'suporte', 'técnico', 'ineficiente', 'completo', 'desperdício', 'dinheiro', 'lidar', 'empresa', 'recomendo', 'ninguém']",reclamação (problemas),1,RJ
1092,Luana Oliveira,33,Feminino,São Paulo/SP/São Paulo,Casado,1,2018-12-10,,109.99,TV a Cabo,1.4,Extremamente Negativo,1.0,"Estou extremamente frustrada com o serviço de TV a cabo dessa empresa. A maioria dos canais não funciona, o sinal some constantemente e o atendimento ao cliente é péssimo. É um completo desperdício de dinheiro. Não recomendo de forma alguma.",0,2025-05-18 14:11:39.225509,2351,78,78,0.01,26 a 35 anos,0,2018,,"estou extremamente frustrada com o serviço de tv a cabo dessa empresa. a maioria dos canais não funciona, o sinal some constantemente e o atendimento ao cliente é péssimo. é um completo desperdício de dinheiro. não recomendo de forma alguma.","['extremamente', 'frustrada', 'serviço', 'cabo', 'dessa', 'empresa', 'maioria', 'canais', 'funciona', 'sinal', 'some', 'constantemente', 'atendimento', 'cliente', 'péssimo', 'completo', 'desperdício', 'dinheiro', 'recomendo', 'forma', 'alguma']",reclamação (problemas),1,SP
1093,Marcelo Fernandes,29,Masculino,Belo Horizonte/MG/Minas Gerais,Solteiro,0,2022-09-01,,99.99,Telefonia Fixa,2.3,Extremamente Negativo,1.0,"O serviço de telefonia fixa dessa empresa é um verdadeiro desastre. As ligações são frequentemente cortadas, o som é horrível e o suporte técnico não resolve os problemas. É uma experiência frustrante e uma completa perda de tempo e dinheiro.",0,2025-05-18 14:11:39.225509,990,33,33,0.03,26 a 35 anos,0,2022,,"o serviço de telefonia fixa dessa empresa é um verdadeiro desastre. as ligações são frequentemente cortadas, o som é horrível e o suporte técnico não resolve os problemas. é uma experiência frustrante e uma completa perda de tempo e dinheiro.","['serviço', 'telefonia', 'fixa', 'dessa', 'empresa', 'verdadeiro', 'desastre', 'ligações', 'frequentemente', 'cortadas', 'horrível', 'suporte', 'técnico', 'resolve', 'problemas', 'experiência', 'frustrante', 'completa', 'perda', 'tempo', 'dinheiro']",reclamação (problemas),1,MG
1094,Isabela Santos,31,Feminino,Porto Alegre/RS/Rio Grande do Sul,Solteiro,0,2023-01-15,,89.99,Telefonia Móvel,1.2,Extremamente Negativo,1.0,"A telefonia móvel dessa empresa é um verdadeiro pesadelo. As chamadas são constantemente interrompidas, o som é terrível e a cobertura é péssima. É uma completa falta de respeito com os clientes. Evite essa empresa a todo custo!",0,2025-05-18 14:11:39.225509,854,28,28,0.04,26 a 35 anos,0,2023,,"a telefonia móvel dessa empresa é um verdadeiro pesadelo. as chamadas são constantemente interrompidas, o som é terrível e a cobertura é péssima. é uma completa falta de respeito com os clientes. evite essa empresa a todo custo!","['telefonia', 'móvel', 'dessa', 'empresa', 'verdadeiro', 'pesadelo', 'chamadas', 'constantemente', 'interrompidas', 'terrível', 'cobertura', 'péssima', 'completa', 'falta', 'respeito', 'clientes', 'evite', 'empresa', 'todo', 'custo']",reclamação (problemas),1,RS
1095,Marcos Lima,37,Masculino,Rio de Janeiro/RJ/Rio de Janeiro,Casado,2,2020-05-01,,149.99,Internet,2.8,Extremamente Negativo,1.0,"Estou extremamente insatisfeito com a empresa de internet. A velocidade é extremamente lenta, a conexão cai com frequência e o suporte técnico é inútil. É uma completa perda de tempo e dinheiro lidar com essa empresa. Não recomendo a ninguém.",0,2025-05-18 14:11:39.225509,1843,61,61,0.02,36 a 45 anos,0,2020,,"estou extremamente insatisfeito com a empresa de internet. a velocidade é extremamente lenta, a conexão cai com frequência e o suporte técnico é inútil. é uma completa perda de tempo e dinheiro lidar com essa empresa. não recomendo a ninguém.","['extremamente', 'insatisfeito', 'empresa', 'internet', 'velocidade', 'extremamente', 'lenta', 'conexão', 'frequência', 'suporte', 'técnico', 'inútil', 'completa', 'perda', 'tempo', 'dinheiro', 'lidar', 'empresa', 'recomendo', 'ninguém']",elogio (satisfeita),0,RJ
1096,Juliana Fernandes,28,Feminino,São Paulo/SP/São Paulo,Casado,1,2018-12-10,,109.99,TV a Cabo,1.5,Extremamente Negativo,1.0,"O serviço de TV a cabo dessa empresa é uma piada. A maioria dos canais não funciona, o sinal some constantemente e o atendimento ao cliente é péssimo. É uma completa perda de dinheiro. Não recomendo de forma alguma.",0,2025-05-18 14:11:39.225509,2351,78,78,0.01,26 a 35 anos,0,2018,,"o serviço de tv a cabo dessa empresa é uma piada. a maioria dos canais não funciona, o sinal some constantemente e o atendimento ao cliente é péssimo. é uma completa perda de dinheiro. não recomendo de forma alguma.","['serviço', 'cabo', 'dessa', 'empresa', 'piada', 'maioria', 'canais', 'funciona', 'sinal', 'some', 'constantemente', 'atendimento', 'cliente', 'péssimo', 'completa', 'perda', 'dinheiro', 'recomendo', 'forma', 'alguma']",reclamação (problemas),1,SP
1097,Fernando Oliveira,34,Masculino,Belo Horizonte/MG/Minas Gerais,Solteiro,0,2022-09-01,,99.99,Telefonia Fixa,2.4,Extremamente Negativo,1.0,"O serviço de telefonia fixa dessa empresa é um verdadeiro desastre. As chamadas são constantemente interrompidas, o som é terrível e o suporte técnico é ineficiente. É uma experiência frustrante e uma completa perda de tempo e dinheiro.",0,2025-05-18 14:11:39.225509,990,33,33,0.03,26 a 35 anos,0,2022,,"o serviço de telefonia fixa dessa empresa é um verdadeiro desastre. as chamadas são constantemente interrompidas, o som é terrível e o suporte técnico é ineficiente. é uma experiência frustrante e uma completa perda de tempo e dinheiro.","['serviço', 'telefonia', 'fixa', 'dessa', 'empresa', 'verdadeiro', 'desastre', 'chamadas', 'constantemente', 'interrompidas', 'terrível', 'suporte', 'técnico', 'ineficiente', 'experiência', 'frustrante', 'completa', 'perda', 'tempo', 'dinheiro']",reclamação (problemas),1,MG
1098,Patrícia Lima,26,Feminino,Porto Alegre/RS/Rio Grande do Sul,Solteiro,0,2023-01-15,,89.99,Telefonia Móvel,1.1,Extremamente Negativo,1.0,"Estou extremamente desapontada com o serviço de telefonia móvel dessa empresa. As chamadas são frequentemente cortadas, o som é horrível e a cobertura é péssima. É uma completa falta de respeito com os clientes. Não recomendo essa empresa.",0,2025-05-18 14:11:39.225509,854,28,28,0.04,26 a 35 anos,0,2023,,"estou extremamente desapontada com o serviço de telefonia móvel dessa empresa. as chamadas são frequentemente cortadas, o som é horrível e a cobertura é péssima. é uma completa falta de respeito com os clientes. não recomendo essa empresa.","['extremamente', 'desapontada', 'serviço', 'telefonia', 'móvel', 'dessa', 'empresa', 'chamadas', 'frequentemente', 'cortadas', 'horrível', 'cobertura', 'péssima', 'completa', 'falta', 'respeito', 'clientes', 'recomendo', 'empresa']",reclamação (problemas),1,RS
1099,André Silva,39,Masculino,Rio de Janeiro/RJ/Rio de Janeiro,Casado,2,2020-05-01,,149.99,Internet,2.9,Extremamente Negativo,1.0,"A internet dessa empresa é um verdadeiro pesadelo. A velocidade é extremamente lenta, a conexão cai o tempo todo e o suporte técnico não é capaz de resolver os problemas. É uma completa perda de dinheiro e tempo.",0,2025-05-18 14:11:39.225509,1843,61,61,0.02,36 a 45 anos,0,2020,,"a internet dessa empresa é um verdadeiro pesadelo. a velocidade é extremamente lenta, a conexão cai o tempo todo e o suporte técnico não é capaz de resolver os problemas. é uma completa perda de dinheiro e tempo.","['internet', 'dessa', 'empresa', 'verdadeiro', 'pesadelo', 'velocidade', 'extremamente', 'lenta', 'conexão', 'tempo', 'todo', 'suporte', 'técnico', 'capaz', 'resolver', 'problemas', 'completa', 'perda', 'dinheiro', 'tempo']",reclamação (problemas),1,RJ
1100,Amanda Almeida,27,Feminino,São Paulo/SP/São Paulo,Casado,1,2018-12-10,,109.99,TV a Cabo,1.2,Extremamente Negativo,1.0,"O serviço de TV a cabo dessa empresa é uma decepção total. A qualidade dos canais é péssima, o sinal some constantemente e o atendimento ao cliente é inexistente. É uma completa perda de dinheiro e tempo.",0,2025-05-18 14:11:39.225509,2351,78,78,0.01,26 a 35 anos,0,2018,,"o serviço de tv a cabo dessa empresa é uma decepção total. a qualidade dos canais é péssima, o sinal some constantemente e o atendimento ao cliente é inexistente. é uma completa perda de dinheiro e tempo.","['serviço', 'cabo', 'dessa', 'empresa', 'decepção', 'total', 'qualidade', 'canais', 'péssima', 'sinal', 'some', 'constantemente', 'atendimento', 'cliente', 'inexistente', 'completa', 'perda', 'dinheiro', 'tempo']",reclamação (problemas),1,SP
1101,Rodrigo Santos,33,Masculino,Belo Horizonte/MG/Minas Gerais,Solteiro,0,2022-09-01,,99.99,Telefonia Fixa,2.2,Extremamente Negativo,1.0,"A telefonia fixa dessa empresa é uma vergonha. As chamadas são frequentemente interrompidas, o som é horrível e o suporte técnico não resolve os problemas. É uma completa perda de tempo e dinheiro.",0,2025-05-18 14:11:39.225509,990,33,33,0.03,26 a 35 anos,0,2022,,"a telefonia fixa dessa empresa é uma vergonha. as chamadas são frequentemente interrompidas, o som é horrível e o suporte técnico não resolve os problemas. é uma completa perda de tempo e dinheiro.","['telefonia', 'fixa', 'dessa', 'empresa', 'vergonha', 'chamadas', 'frequentemente', 'interrompidas', 'horrível', 'suporte', 'técnico', 'resolve', 'problemas', 'completa', 'perda', 'tempo', 'dinheiro']",reclamação (problemas),1,MG
1102,Carolina Fernandes,29,Feminino,Porto Alegre/RS/Rio Grande do Sul,Solteiro,0,2023-01-15,,89.99,Telefonia Móvel,1.3,Extremamente Negativo,1.0,"A telefonia móvel dessa empresa é um completo desastre. As chamadas não são completadas, o som é horrível e a cobertura é péssima. É uma experiência frustrante e uma total perda de dinheiro. Não recomendo essa empresa de forma alguma.",0,2025-05-18 14:11:39.225509,854,28,28,0.04,26 a 35 anos,0,2023,,"a telefonia móvel dessa empresa é um completo desastre. as chamadas não são completadas, o som é horrível e a cobertura é péssima. é uma experiência frustrante e uma total perda de dinheiro. não recomendo essa empresa de forma alguma.","['telefonia', 'móvel', 'dessa', 'empresa', 'completo', 'desastre', 'chamadas', 'completadas', 'horrível', 'cobertura', 'péssima', 'experiência', 'frustrante', 'total', 'perda', 'dinheiro', 'recomendo', 'empresa', 'forma', 'alguma']",reclamação (problemas),1,RS
